Ahungalla,0
Akurana,0
Ambalangoda,0
Ampara,0
Anuradhapura,0
Attanagalla,0
Attidiya,0
Avissawella,0
Badulla,0
Balangoda,0
Bandaragama,0
Bandarawela,0
Battaramulla,0
Batticaloa,0
Beliatta,0
Bellanwila,0
Benthota,0
Beruwala,0
Bibila,0
Boralesgamuwa,0
Bulathsinhala,0
Chavakacheri,0
Chilaw,0
Colombo 01,0
Colombo 02,0
Colombo 03,0
Colombo 04,0
Colombo 05,0
Colombo 06,0
Colombo 07,0
Colombo 08,0
Colombo 09,0
Colombo 10,0
Colombo 11,0
Colombo 12,0
Colombo 13,0
Colombo 14,0
Colombo 15,0
Daluguma,0
Dambulla,0
Dankotuwa,0
Dehiwala,0
Deniyaya,0
Dharga Town,0
Digana,0
Diwulapitiya,0
Dompe,0
Ekala,0
Elahera,0
Elpitiya,0
Embilipitiya,0
Eppawala,0
Eravur,0
Galewela,0
Galgamuwa,0
Galle,0
Gampaha,0
Gampola,0
Ganemulla,0
Ginthota,0
Giriulla,0
Gothatuwa,0
Habarana,0
Hambantota,0
Hanwella,0
Haputale,0
Harispattuwa,0
Hatton,0
Hendala,0
Hikkaduwa,0
Hokandara,0
Homagama,0
Horana,0
Ja-Ela,0
Jaffna,0
Kadawatha,0
Kadugannawa,0
Kaduwala,0
Kahawatta,0
Kalawana,0
Kalmunai,0
Kalpitiya,0
Kalubowila,0
Kalutara,0
Kandana,0
Kandy,0
Karagampitiya,0
Kattankudy,0
Katubedda,0
Katugasthota,0
Katunayake,0
Kegalla,0
Kelaniya,0
Kesbewa,0
Keselwatta,0
Kilinochchi,0
Kiribathgoda,0
Kochchikade,0
Kohuwala,0
Kolonnawa,0
Kosgama,0
Kotikawatta,0
Kottawa,0
Kotte,0
Kuliyapitiya,0
Kurunegala,0
Kuruwita,0
Mahabage,0
Maharagama,0
Mahiyanganaya,0
Makandura,0
Makola,0
Malabe,0
Malwana,0
Mannar Island,0
Marawila,0
Matale,0
Matara,0
Mattegoda,0
Matugama,0
Minuwangoda,0
Mirihana,0
Monaragala,0
Moratuwa,0
Mount Lavinia,0
Mullathiv,0
Mulleriyawa,0
Mutur,0
Narahenpita,0
Nattandiya,0
Nawala,0
Nawalapitiya,0
Negombo,0
Neluwa,0
Nittambuwa,0
Nugegoda,0
Nuwara Eliya,0
Padukka,0
Pamunugama,0
Panadura,0
Panchikawatta,0
Pannala,0
Pannipitiya,0
Payagala,0
Pelawatta,0
Peliyagoda,0
Pelmadulla,0
Peradeniya,0
Piliyandala,0
Point Pedro,0
Polgahawela,0
Polhengoda,0
Polonnaruwa,0
Potuvil,0
Puttalam,0
Raddolugama,0
Ragama,0
Rajagiriya,0
Rathmalana,0
Ratnapura,0
Seeduwa,0
Seethawakapura,0
Sigiriya,0
Talawakele,0
Tangalle,0
Thalawathugoda,0
Trincomalee,0
Unawatuna,0
Urubokka,0
Valvettithurai,0
Vavuniya,0
Wadduwa,0
Warakapola,0
Wattala,0
Wattegama,0
Weligama,0
Welisara,0
Wellampitiya,0
Wennappuwa,0
wijerama,0
Yakkala,0
Yatiyanthota,0
